no,class,id,name,wideField,detailedField
1,Professor,Prof001,○○○,중문학,중국문화학;중국현대문학
2,Professor,Prof002,○○○,중국어학,의미론
3,Professor,Prof003,○○○,중문학,문학비평;중국고전문학
4,Professor,Prof004,○○○,중국어학,의미론
5,Professor,Prof005,○○○,중문학,중국고전문학;중국시
6,Professor,Prof006,○○○,중문학,중국현대문학
7,Professor,Prof007,○○○,중국어학,일반문자학;응용언어학
8,Professor,Prof008,○○○,중국어학,기타중국어학;음성/음운론
9,Professor,Prof009,○○○,중문학,중국현대문학;중국시;중국문화학
10,Professor,Prof010,○○○,중문학,중국고전문학;중국시
11,Professor,Prof011,○○○,중국어교육,중국어교육
12,Professor,Prof012,○○○,중문학,중국고전문학
13,Professor,Prof013,○○○,중문학,중국현대문학
14,Professor,Prof014,○○○,중국어학,일반문자학;통사론;기타중국어학
15,Professor,Prof015,○○○,중문학,중국문화학
16,Professor,Prof016,○○○,중국어학,중국어사;고문자학;통사론;기타중국어학
17,Professor,Prof017,○○○,중문학,중국산문;중국고전문학;중국서지학
18,Professor,Prof018,○○○,중국어교육;중국어학,중국어교육;통사론;기타중국어학
19,Professor,Prof019,○○○,중문학;기타,중국소설;중국고전문학;비교문학;도교
20,Professor,Prof020,○○○,중문학,중국시
21,Professor,Prof021,○○○,중문학;역사일반,기타중문학;사상사
22,Professor,Prof022,○○○,중문학,중국현대문학;중국문화학
23,Professor,Prof023,○○○,중문학,중국고전문학;비교문학
24,Professor,Prof024,○○○,중국어학,기타중국어학;통사론
25,Professor,Prof025,○○○,중국어학,고문자학
26,Professor,Prof026,○○○,중국어학,음성/음운론
27,Professor,Prof027,○○○,중문학,중국현대문학
28,Professor,Prof028,○○○,중문학,중국희곡
29,Professor,Prof029,○○○,중문학,중국현대문학;중국문화학
30,Professor,Prof030,○○○,중문학,중국고전문학;중국소설
31,Professor,Prof031,○○○,중국어학,음성/음운론
32,Professor,Prof032,○○○,중문학;역사일반,중국고전문학;기타중문학;사상사
33,Professor,Prof033,○○○,정치지역학,외교/안보/통일
34,Professor,Prof034,○○○,중문학,중국현대문학;중국소설
35,Professor,Prof035,○○○,중국어학,고문자학;기타중국어학
36,Professor,Prof036,○○○,중국어학,사회언어학;기타중국어학
37,Professor,Prof037,○○○,중국어학,음성/음운론
38,Professor,Prof038,○○○,중문학,중국현대문학
39,Professor,Prof039,○○○,중문학,중국고전문학;중국시
40,Professor,Prof040,○○○,중문학,중국소설;중국문화학;비교문학
41,Professor,Prof041,○○○,영화;중문학,동양/아시아영화;중국문화학
42,Professor,Prof042,○○○,중국어학,기타중국어학
43,Professor,Prof043,○○○,중국어학;중국어교육,기타중국어학;중국어교육;통사론
44,Professor,Prof044,○○○,중국어학,음성/음운론;기타중국어학
45,Professor,Prof045,○○○,중문학,중국고전문학;중국시;기타중문학
46,Professor,Prof046,○○○,중국어학,일반문자학
47,Professor,Prof047,○○○,중국어학,통사론
48,Professor,Prof048,○○○,중국어학,응용언어학
49,Professor,Prof049,○○○,중문학;기타,중국현대문학;기타인문학
50,Professor,Prof050,○○○,중국어학,중국어사;통사론
51,Professor,Prof051,○○○,중국어학,통사론
52,Professor,Prof052,○○○,중문학,중국희곡
53,Professor,Prof053,○○○,중문학,기타중문학
54,Professor,Prof054,○○○,역사일반;중문학,사상사;중국문화학
55,Professor,Prof055,○○○,정치지역학;중국학,기타정치외교학;중국
56,Professor,Prof056,○○○,중문학,중국현대문학;비교문학
57,Professor,Prof057,○○○,중국어학,통사론
58,Professor,Prof058,○○○,중문학,비교문학
59,Professor,Prof059,○○○,중국어학;중문학,고문자학;중국문화학
60,Professor,Prof060,○○○,중문학;영화,중국현대문학;중국문화학;동양/아시아영화;기타중문학
61,Professor,Prof061,○○○,중문학,중국소설;중국문화학;기타중문학
62,Professor,Prof062,○○○,중문학,중국고전문학
63,Professor,Prof063,○○○,중국어학,음성/음운론
64,Professor,Prof064,○○○,중국어학,음성/음운론;응용언어학
65,Professor,Prof065,○○○,중문학,기타중문학
66,Professor,Prof066,○○○,중문학,중국시;중국고전문학
67,Professor,Prof067,○○○,중문학,비교문학
68,Professor,Prof068,○○○,중국어학,의미론
69,Professor,Prof069,○○○,중문학,중국현대문학
70,Professor,Prof070,○○○,중국어학,음성/음운론;일반문자학
71,Professor,Prof071,○○○,중문학,기타중문학
72,Professor,Prof072,○○○,중문학,중국고전문학
73,Professor,Prof073,○○○,중국어학,통사론
74,Professor,Prof074,○○○,중문학,중국현대문학;중국문화학
75,Professor,Prof075,○○○,중문학,중국고전문학;기타중문학
76,Professor,Prof076,○○○,기타,복합학;학제간연구
77,Professor,Prof077,○○○,중문학,중국시;중국고전문학
78,Professor,Prof078,○○○,중문학,중국시
79,Professor,Prof079,○○○,중국어학,기타중국어학
80,Professor,Prof080,○○○,중문학,비교문학
81,Professor,Prof081,○○○,중문학,중국현대문학
82,Professor,Prof082,○○○,중문학,중국산문;중국고전문학
83,Professor,Prof083,○○○,중문학,중국시;중국고전문학
84,Professor,Prof084,○○○,중국어학,일반문자학
85,Professor,Prof085,○○○,중국어학,중국어사;통사론
86,Professor,Prof086,○○○,경제경영;중국학,국제/세계경제;중국
87,Professor,Prof087,○○○,역사일반;철학사상,중국근세사(명청);중국철학
88,Professor,Prof088,○○○,중국어학,어휘학;기타중국어학
89,Professor,Prof089,○○○,중국어학,기타중국어학;대조언어
90,Professor,Prof090,○○○,중국학,중국
91,Professor,Prof091,○○○,중국어학,고문자학
92,Professor,Prof092,○○○,중국어학,통사론;기타중국어학
93,Professor,Prof093,○○○,중국어학;중국어교육,일반문자학;기타중국어학;중국어교육
94,Professor,Prof094,○○○,중문학;중국어교육,중국산문;중국고전문학;기타중문학;중국어교육
95,Professor,Prof095,○○○,중문학,중국현대문학;비교문학
96,Professor,Prof096,○○○,중문학;영화,중국소설;중국현대문학;중국문화학;동양/아시아영화
97,Professor,Prof097,○○○,통역번역학;중국어학;중국어교육,통역번역;기타중국어학;중국어교육
98,Professor,Prof098,○○○,중문학,중국소설;중국현대문학
99,Professor,Prof099,○○○,중문학,중국희곡;중국소설;중국문화학;기타중문학;중국현대문학;중국고전문학
100,Professor,Prof100,○○○,중국어학;중국어교육,통사론;기타중국어학;중국어교육
101,Professor,Prof101,○○○,중문학,중국현대문학;중국문화학
102,Professor,Prof102,○○○,중문학,중국고전문학
103,Professor,Prof103,○○○,중국어학;기타,기타중국어학;역사언어학
104,Professor,Prof104,○○○,중문학,중국고전문학;중국소설;기타중문학
105,Professor,Prof105,○○○,중국어학,중국어사;기타중국어학
106,Professor,Prof106,○○○,중문학,중국현대문학
107,Professor,Prof107,○○○,중문학,중국소설;기타중문학
108,Professor,Prof108,○○○,중문학,중국소설;기타중문학
109,Professor,Prof109,○○○,중국어학,일반문자학;기타중국어학
110,Professor,Prof110,○○○,중문학,중국소설;중국현대문학;중국문화학
111,Professor,Prof111,○○○,중국어학,음성/음운론
112,Professor,Prof112,○○○,중국어교육,중국어교육
113,Professor,Prof113,○○○,중국어학,통사론
114,Professor,Prof114,○○○,중문학,중국희곡
115,Professor,Prof115,○○○,중문학,기타중문학
116,Professor,Prof116,○○○,중문학,중국희곡
117,Professor,Prof117,○○○,중문학;영화,중국현대문학;중국문화학;동양/아시아영화;기타중문학
118,Professor,Prof118,○○○,중국어학,중국어사
119,Professor,Prof119,○○○,중문학,중국희곡
120,Professor,Prof120,○○○,중국어학,중국어사
121,Professor,Prof121,○○○,중문학,중국현대문학;중국문화학
122,Professor,Prof122,○○○,중국어학,응용언어학
123,Professor,Prof123,○○○,중국어학;통역번역학,응용언어학;통역번역
124,Professor,Prof124,○○○,중국어교육,중국어교육
125,Professor,Prof125,○○○,중국어학,통사론
126,Professor,Prof126,○○○,중문학,중국고전문학
127,Professor,Prof127,○○○,중문학,중국현대문학
128,Professor,Prof128,○○○,중국어학,음성/음운론
129,Professor,Prof129,○○○,중문학,중국소설;중국고전문학
130,Professor,Prof130,○○○,중문학,중국현대문학
131,Professor,Prof131,○○○,중문학,중국고전문학;중국문화학;기타중문학
132,Professor,Prof132,○○○,중국학,중국
133,Professor,Prof133,○○○,중국어학;중국어교육,통사론;중국어교육;기타중국어학
134,Professor,Prof134,○○○,중국학,중국
135,Professor,Prof135,○○○,중국학,중국
136,Professor,Prof136,○○○,중국어학,일반문자학
137,Professor,Prof137,○○○,중문학,중국고전문학;기타중문학
138,Professor,Prof138,○○○,중국어교육;기타,중국어교육;일반언어학
139,Professor,Prof139,○○○,중국어학;중국어교육,통사론;중국어교육
140,Professor,Prof140,○○○,중국어학,통사론
141,Professor,Prof141,○○○,중문학,사곡
142,Professor,Prof142,○○○,중국어학,고문자학
143,Professor,Prof143,○○○,중문학,중국소설;중국고전문학
144,Professor,Prof144,○○○,중문학,중국현대문학
145,Professor,Prof145,○○○,중문학,중국고전문학;중국시
146,Professor,Prof146,○○○,중문학,중국고전문학;기타중문학
147,Professor,Prof147,○○○,중문학,중국현대문학
148,Professor,Prof148,○○○,중국어학,통사론;응용언어학;기타중국어학;코퍼스
149,Professor,Prof149,○○○,중문학,중국문화학;기타중문학
150,Professor,Prof150,○○○,중문학,중국시;중국고전문학
151,Professor,Prof151,○○○,중문학,중국소설;중국현대문학;중국시
152,Professor,Prof152,○○○,중국어학,고문자학
153,Professor,Prof153,○○○,중국어학,기타중국어학
154,Professor,Prof154,○○○,중문학,기타중문학
155,Professor,Prof155,○○○,중국어학,기타중국어학
156,Professor,Prof156,○○○,중문학,중국시
157,Professor,Prof157,○○○,중문학,중국소설;중국고전문학
158,Professor,Prof158,○○○,중국어학,성운학
159,Professor,Prof159,○○○,중국어학,통사론
160,Professor,Prof160,○○○,중문학,중국고전문학
161,Professor,Prof161,○○○,중문학,중국고전문학
162,Professor,Prof162,○○○,중국어학,기타중국어학
163,Professor,Prof163,○○○,중문학,중국산문;중국고전문학
164,Professor,Prof164,○○○,중국어학,중국어사
165,Professor,Prof165,○○○,중문학,중국현대문학
166,Professor,Prof166,○○○,중문학,중국시
167,Professor,Prof167,○○○,중국어학;중문학,기타중국어학;기타중문학
168,Professor,Prof168,○○○,중국어학,의미론;통사론
169,Professor,Prof169,○○○,중국어학,기타중국어학;대조언어
170,Professor,Prof170,○○○,중국어학,통사론
171,Professor,Prof171,○○○,중문학,중국산문
172,Professor,Prof172,○○○,중문학;기타,중국문화학;문화인류학
173,Professor,Prof173,○○○,중국어학,중국어사;기타중국어학
174,Professor,Prof174,○○○,중문학,중국현대문학
175,Professor,Prof175,○○○,정치지역학;중국학,기타정치외교학;중국
176,Professor,Prof176,○○○,중국어학,어휘학;의미론
177,Professor,Prof177,○○○,철학사상;중국학,중국철학;중국
178,Professor,Prof178,○○○,중문학;중국학,중국문화학;중국
179,Professor,Prof179,○○○,중문학,중국문화학;기타중문학
180,Professor,Prof180,○○○,중문학,중국시;중국고전문학
181,Professor,Prof181,○○○,중문학,중국소설;중국고전문학
182,Professor,Prof182,○○○,중국어학,음성/음운론;성운학
183,Professor,Prof183,○○○,중문학,중국현대문학
184,Professor,Prof184,○○○,미분류,
185,Professor,Prof185,○○○,미분류,
186,Professor,Prof186,○○○,문화,중국사회문화
187,Professor,Prof187,○○○,중국어학,중국어평가론;어휘론;응용언어학
188,Professor,Prof188,○○○,중문학,고전서사;신선서사/신선도상
189,Professor,Prof189,○○○,중국어학,고문자학;고대한자학;현대한자학;중국어음운론
190,Professor,Prof190,○○○,중문학,중국어문학
191,Professor,Prof191,○○○,중국어학,한어언문자학;중국어어휘의미론
192,Professor,Prof192,○○○,중문학,
193,Professor,Prof193,○○○,정치지역학,도시사회;지역;민족
194,Professor,Prof194,○○○,역사일반,중국사회
195,Professor,Prof195,○○○,문화,중국지역
196,Professor,Prof196,○○○,정치지역학,
197,Professor,Prof197,○○○,경제경영,경제;통상
198,Professor,Prof198,○○○,중국어학,현대중국어학
199,Professor,Prof199,○○○,중국어학,중국어문법;언어학
200,Professor,Prof200,○○○,중국어학,고전시;음운학
201,Professor,Prof201,○○○,중문학,현대중국문학
202,Professor,Prof202,○○○,중국어학,중국고전문헌;문자학
203,Professor,Prof203,○○○,중국어학,현대중국어문법
204,Professor,Prof204,○○○,중국어학;중국어교육;문화,중국어교육;문화교류
205,Professor,Prof205,○○○,중문학;중국어교육,중국문학;교육학
206,Professor,Prof206,○○○,중국어학,통사론
207,Professor,Prof207,○○○,중국어학,언어학
208,Professor,Prof208,○○○,철학사상,중국근현대사;중국도시사;중국사상사
209,Professor,Prof209,○○○,중문학;문화,고전산문
210,Professor,Prof210,○○○,중문학,명청전기;희곡이론사
211,Professor,Prof211,○○○,중문학,현대중국문학
212,Professor,Prof212,○○○,중문학,고전시가
213,Professor,Prof213,○○○,중국어학;중국어교육,중국어교육;현대문법;통사론
214,Professor,Prof214,○○○,중국어학,현대어법
215,Professor,Prof215,○○○,경제경영,중국경제성장;중국무역;중국산업구조;중국재정정책
216,Professor,Prof216,○○○,중국어학,중국문학;중국문화;중한번역;중국어교육
217,Professor,Prof217,○○○,중국어학,국제관계;한반도;동북아지정학;중국어문화;중국방언학
218,Professor,Prof218,○○○,문화,중국사;중국문화사;한중관계사;명청외교사;명청문화사
219,Professor,Prof219,○○○,중국어학,중국어학;중국어교육
220,Professor,Prof220,○○○,중국어학,현대중국어;고전중국어
221,Professor,Prof221,○○○,중문학,고전산문
222,Professor,Prof222,○○○,중국어학,언어학;고대문법;고대문자
223,Professor,Prof223,○○○,중문학,현대여성소설
224,Professor,Prof224,○○○,중국어학;중국어교육,언어학;중국어교육
225,Professor,Prof225,○○○,중문학,현대소설;대만문학
226,Professor,Prof226,○○○,중문학,문학비평;고대문학이론비평
227,Professor,Prof227,○○○,중문학,중국시
228,Professor,Prof228,○○○,문화,현대중국문화
229,Professor,Prof229,○○○,중국어학,중국어사
230,Professor,Prof230,○○○,중문학,문학비평
231,Professor,Prof231,○○○,중문학,고전소설
232,Professor,Prof232,○○○,중국어학,현대중국어문법
233,Professor,Prof233,○○○,중문학,현대중국문학
234,Professor,Prof234,○○○,중국어학,현대중국어문법;통사론
235,Professor,Prof235,○○○,중국어학,음성학;음운학;형태론
236,Professor,Prof236,○○○,중국어학,문화언어학
237,Professor,Prof237,○○○,경제경영,정치경제
238,Professor,Prof238,○○○,철학사상,
239,Professor,Prof239,○○○,정치지역학,
240,Professor,Prof240,○○○,정치지역학,
241,Professor,Prof241,○○○,경제경영,
242,Professor,Prof242,○○○,문화,이민학;발전사회학;중국사회;중국문화;재외한인사회
243,Professor,Prof243,○○○,중문학,
244,Professor,Prof244,○○○,중국어학;중국어교육;문화,사회언어학;중국사회;중국문화;중국어학습;중국어교수법
245,Professor,Prof245,○○○,정치지역학,대외관계;영토분쟁;소수민족;민족주의
246,Professor,Prof246,○○○,중문학,고전소설
247,Professor,Prof247,○○○,경제경영,중국지역학
248,Professor,Prof248,○○○,중문학,근현대정치사상;근현대학술사상;대만문학사
249,Professor,Prof249,○○○,문화,동양미학
250,Professor,Prof250,○○○,중국어학;중국어교육,통사론;의미론;중국어교육
251,Professor,Prof251,○○○,중문학,기타국문학;국어국문
252,Professor,Prof252,○○○,중국어학,통사론;통사의미론
253,Professor,Prof253,○○○,중문학,
254,Professor,Prof254,○○○,중문학,현당대문학
255,Professor,Prof255,○○○,중국어학,통사론
256,Professor,Prof256,○○○,중문학,한국어와문학;한국어
257,Professor,Prof257,○○○,중국어학,현대중국어문법
258,Professor,Prof258,○○○,중문학,
259,Professor,Prof259,○○○,중문학,현대중국문학
260,Professor,Prof260,○○○,중문학,고전소설
261,Professor,Prof261,○○○,경제경영,산업경제학
262,Professor,Prof262,○○○,중문학,당대전기문학;중국신화
263,Professor,Prof263,○○○,중문학,현대소설
264,Professor,Prof264,○○○,중국어학,언어학;현대중국어문법
265,Professor,Prof265,○○○,중국어학,언어학;문자학
266,Professor,Prof266,○○○,중국어학,언어학;현대중국어;전산언어학
267,Professor,Prof267,○○○,경제경영,지역학;중국경제
268,Professor,Prof268,○○○,경제경영,지역학;중국경제법
269,Professor,Prof269,○○○,중국어학,지역학;중국어회화
270,Professor,Prof270,○○○,중문학,시가
271,Professor,Prof271,○○○,중문학,문학비평
272,Professor,Prof272,○○○,중문학,
273,Professor,Prof273,○○○,중국어학,한어문자학
274,Professor,Prof274,○○○,중문학,루쉰
275,Professor,Prof275,○○○,정치지역학,국제관계/협력;동북아국제관계;중국정치
276,Professor,Prof276,○○○,중문학,현대시
277,Professor,Prof277,○○○,중문학,당대문학
278,Professor,Prof278,○○○,중문학,
279,Professor,Prof279,○○○,중문학,고전산문
280,Professor,Prof280,○○○,경제경영,경제;통상;MonetaryFinancing
281,Professor,Prof281,○○○,경제경영,정치;경제
282,Professor,Prof282,○○○,중국어학,중국어회화
283,Professor,Prof283,○○○,중국어학,수사학
284,Professor,Prof284,○○○,중문학,근현대문학
285,Professor,Prof285,○○○,문화,현대문화;근대문화
286,Professor,Prof286,○○○,중문학;문화,현당대문학;현당대문화
287,Professor,Prof287,○○○,중문학;문화,중세문화;중국어문학
288,Professor,Prof288,○○○,경제경영,정치;경제
289,Professor,Prof289,○○○,중문학,중국고전문학이론;위진남북조문학이론
290,Professor,Prof290,○○○,중문학,문학비평;중국학
291,Professor,Prof291,○○○,중국어학,현대중국어어법
292,Professor,Prof292,○○○,중문학,
293,Professor,Prof293,○○○,중문학,고전시가
294,Professor,Prof294,○○○,중문학,중국소설
295,Professor,Prof295,○○○,중국어학,중국어사;중국어어법사
296,Professor,Prof296,○○○,중국어학,한어사;중국어사;문헌학;한국한문문헌;한중교통문헌
297,Professor,Prof297,○○○,중문학,
298,Professor,Prof298,○○○,중문학,
299,Professor,Prof299,○○○,정치지역학,
300,Professor,Prof300,○○○,중국어학,
301,Professor,Prof301,○○○,중국어학,대외한어
302,Professor,Prof302,○○○,중문학,현당대문학;현당대문화
303,Professor,Prof303,○○○,중문학,현당대문학
304,Professor,Prof304,○○○,중국어학;중문학;중국어교육,중국문학;중국어교육;문법;사곡
305,Professor,Prof305,○○○,중국어학,응용언어학;중국어학
306,Professor,Prof306,○○○,중문학,중국신화;소설
307,Professor,Prof307,○○○,문화,스토리텔링;미디어;한중문화콘텐츠
308,Professor,Prof308,○○○,중국어학;중국어교육,
309,Professor,Prof309,○○○,중국어학;중국어교육,중국어교육;한국어교육;통번역학
310,Professor,Prof310,○○○,중문학,시
311,Professor,Prof311,○○○,기타,관광학;항공서비스
312,Professor,Prof312,○○○,중국어학,성운학;중국어학;고대중국어
313,Professor,Prof313,○○○,중문학,현대소설
314,Professor,Prof314,○○○,중문학,중국문학이론;중국문화
315,Professor,Prof315,○○○,중문학,고전서사;소설
316,Professor,Prof316,○○○,중문학,현당대대중문화;현당대소설
317,Professor,Prof317,○○○,경제경영,경영전략;정책
318,Professor,Prof318,○○○,중국어학,
319,Professor,Prof319,○○○,중국어학,대외한어;의미론;현대중국어어법
320,Professor,Prof320,○○○,중문학,소설;명청소설
321,Professor,Prof321,○○○,중국어학,고문자학;서주시기금문연구
322,Professor,Prof322,○○○,중문학,현당대문학
323,Professor,Prof323,○○○,중국어학,성운학
324,Professor,Prof324,○○○,중국어학,통사론;의미론;중국어사;논리언어학
325,Professor,Prof325,○○○,중문학,현대문학;당대문학;사회와문화
326,Professor,Prof326,○○○,중문학,고대소설;스토리텔링;중국문헌학
327,Professor,Prof327,○○○,중문학,문학비평;중문학;현당대문학
328,Professor,Prof328,○○○,중문학,고전산문
329,Professor,Prof329,○○○,중문학,산문
330,Professor,Prof330,○○○,문화,문예학
331,Professor,Prof331,○○○,정치지역학,
332,Professor,Prof332,○○○,정치지역학,
333,Professor,Prof333,○○○,중문학,중국문화학
334,Professor,Prof334,○○○,중국어학;중국어교육,중국어교육
335,Professor,Prof335,○○○,경제경영,산업사회학;중국지역학
336,Professor,Prof336,○○○,통역번역학,통번역;중국어교육;문학
337,Professor,Prof337,○○○,경제경영,국제경영전략;해외직접투자
338,Professor,Prof338,○○○,중국어학;중국어교육,중국어문법;중국어교육
339,Professor,Prof339,○○○,중문학,명청소설;중국소설
340,Professor,Prof340,○○○,중국어학,현대어법
341,Professor,Prof341,○○○,중국어교육,
342,Professor,Prof342,○○○,중문학,
343,Professor,Prof343,○○○,중국어학,한어문자학;중한언어대조
344,Professor,Prof344,○○○,중국어학,한중번역;한중통역;코퍼스언어학
345,Professor,Prof345,○○○,중국학,중국학
346,Professor,Prof346,○○○,중국어학;중국어교육,중국어교육
347,Professor,Prof347,○○○,중국어학,중국어교학문법
348,Professor,Prof348,○○○,중문학,고전산곡
349,Professor,Prof349,○○○,중국어학,
350,Professor,Prof350,○○○,중국어학;중문학;중국어교육,
351,Professor,Prof351,○○○,중문학,문학비평
352,Professor,Prof352,○○○,중문학,현당대문학
353,Professor,Prof353,○○○,중문학,
354,Professor,Prof354,○○○,경제경영,정치경제학
355,Professor,Prof355,○○○,정치지역학,정치;양안관계
356,Professor,Prof356,○○○,미분류,
357,Professor,Prof357,○○○,중문학,중국문학
358,Professor,Prof358,○○○,경제경영,경제;통상;금융
359,Professor,Prof359,○○○,경제경영,정치경제;지역학
360,Professor,Prof360,○○○,중국어학;중국어교육,
361,Professor,Prof361,○○○,중국어학,중국어휘;통번역
362,Professor,Prof362,○○○,중문학;문화,중국영화
363,Professor,Prof363,○○○,문화,지역학;문화산업
364,Professor,Prof364,○○○,중국어학,
365,Professor,Prof365,○○○,중국어학,중국어휘;통번역
366,Professor,Prof366,○○○,중국어학;중국어교육,
367,Professor,Prof367,○○○,중국어학,전자상거래
368,Professor,Prof368,○○○,중국어학,
369,Professor,Prof369,○○○,중문학,청대궁중희곡
370,Professor,Prof370,○○○,중국어학,의미론
371,Professor,Prof371,○○○,중국어학,고문자학;갑골문자
372,Professor,Prof372,○○○,중국어학,통사학;근대중국어어법
373,Professor,Prof373,○○○,중국어학,어휘학;중국어사
374,Professor,Prof374,○○○,중국어학,
375,Professor,Prof375,○○○,중문학,고전희곡
376,Professor,Prof376,○○○,중문학,고전문학;고전희곡
377,Professor,Prof377,○○○,중문학,중국문화;현대사회;지역연구;근대소설
378,Professor,Prof378,○○○,중국어학,응용언어학
379,Professor,Prof379,○○○,중문학,
380,Professor,Prof380,○○○,중문학,
381,Professor,Prof381,○○○,중문학,근대문학;문화학
382,Professor,Prof382,○○○,중국어학;중국어교육,현대중국어어법
383,Professor,Prof383,○○○,중문학,문화학;비교문학형상학;비교영화학
384,Professor,Prof384,○○○,경제경영,국제경영/전략;중국어
385,Professor,Prof385,○○○,경제경영,
386,Professor,Prof386,○○○,경제경영,국제경제;국제통상
387,Professor,Prof387,○○○,경제경영,기업재무;거시경제;국제금융
388,Professor,Prof388,○○○,경제경영,중국경영;국제통상
389,Professor,Prof389,○○○,중국어학,제2언어습득
390,Professor,Prof390,○○○,중국어학,어휘
391,Professor,Prof391,○○○,중문학,문학비평;비교문학
392,Professor,Prof392,○○○,중국어학;중국어교육,
393,Professor,Prof393,○○○,중국어학;중국어교육,
394,Professor,Prof394,○○○,중문학,
395,Professor,Prof395,○○○,경제경영,경영학;중국기업
396,Professor,Prof396,○○○,중국어학,한중대조언어학;문화인류학
397,Professor,Prof397,○○○,경제경영;중국어학,경제;중국어
398,Professor,Prof398,○○○,역사일반,현대사회
399,Professor,Prof399,○○○,경제경영,
400,Professor,Prof400,○○○,중국어학,
401,Professor,Prof401,○○○,중문학,
402,Professor,Prof402,○○○,중국어학,
403,Professor,Prof403,○○○,경제경영,경제;비즈니스
404,Professor,Prof404,○○○,중국어학;중국어교육,
405,Professor,Prof405,○○○,중국학,중국학
406,Professor,Prof406,○○○,중국어학,중국어문법;언어학
407,Professor,Prof407,○○○,중국어학;중국어교육,중국어형태론;의미론
408,Professor,Prof408,○○○,중문학,고대문화;고대소설;중국문헌학;중국불교문화
409,Professor,Prof409,○○○,경제경영,무역;국제통상법
410,Professor,Prof410,○○○,중문학;문화,당송시사
411,Professor,Prof411,○○○,중문학;문화,고전산문;문헌학
412,Professor,Prof412,○○○,중국어학,한어사;중국문헌;군사언어학
413,Professor,Prof413,○○○,중문학,현대화극;대중문학;대중문화
414,Professor,Prof414,○○○,중국어학;중국어교육,시
415,Professor,Prof415,○○○,중문학,현대시
416,Professor,Prof416,○○○,중문학,고대문학;고전산문
417,Professor,Prof417,○○○,철학사상,원시유가인성론;초간학
418,Professor,Prof418,○○○,역사일반,근현대사;서양인의중국인식
419,Professor,Prof419,○○○,경제경영,경영학;생산관리
420,Professor,Prof420,○○○,경제경영,중국경영;기업관리;국유기업
421,Professor,Prof421,○○○,경제경영,중국사회학;스마트관광;기업윤리
422,Professor,Prof422,○○○,중문학,고대문학;중국인문
423,Professor,Prof423,○○○,중국어학;문화,문자학
424,Professor,Prof424,○○○,중국어학;문화,응용언어학
425,Professor,Prof425,○○○,중국어학,현대중국어
426,Professor,Prof426,○○○,중국어학,문법
427,Professor,Prof427,○○○,중문학,현당대문학
428,Professor,Prof428,○○○,중국어학,문법
429,Professor,Prof429,○○○,중문학,
430,Professor,Prof430,○○○,중국어학,음운학
431,Professor,Prof431,○○○,중문학,
432,Professor,Prof432,○○○,중국학,
433,Professor,Prof433,○○○,역사일반,중국근현대역사;화교화인역사;동아시아사
434,Professor,Prof434,○○○,철학사상;중국학,중국철학;중국사상;중국문화;중국신화전설;중국인문지리;실크로드
435,Professor,Prof435,○○○,중국어학,중국어학;대외한어
